state_abbr,geo_fips,geo_level,geo_name,metric_name,group_name,num,denom,est,lci,uci,data_period,period_type,source_name,data_indicator,agg_indicator,version,suggested_citation
AK,02,state,Alaska,Diabetes,Total,-999.0,-999.0,7.3,6.3,8.3,2019,1 year estimate,Behavioral Risk Factor Surveillance System,,,02-26-2025,"Department of Population Health, NYU Langone Health. Congressional District Health Dashboard. https://congressionaldistricthealthdashboard.org. Accessed 2026-04-07"
AL,01,state,Alabama,Diabetes,Total,-999.0,-999.0,14.0,13.2,14.8,2019,1 year estimate,Behavioral Risk Factor Surveillance System,,,02-26-2025,
AR,05,state,Arkansas,Diabetes,Total,-999.0,-999.0,13.6,12.7,14.6,2019,1 year estimate,Behavioral Risk Factor Surveillance System,,,02-26-2025,
AZ,04,state,Arizona,Diabetes,Total,-999.0,-999.0,10.9,10.1,11.8,2019,1 year estimate,Behavioral Risk Factor Surveillance System,,,02-26-2025,
CA,06,state,California,Diabetes,Total,-999.0,-999.0,10.1,9.5,10.7,2019,1 year estimate,Behavioral Risk Factor Surveillance System,,,02-26-2025,
CO,08,state,Colorado,Diabetes,Total,-999.0,-999.0,7.0,6.5,7.5,2019,1 year estimate,Behavioral Risk Factor Surveillance System,,,02-26-2025,
CT,09,state,Connecticut,Diabetes,Total,-999.0,-999.0,9.6,8.9,10.2,2019,1 year estimate,Behavioral Risk Factor Surveillance System,,,02-26-2025,
DC,11,state,District of Columbia,Diabetes,Total,-999.0,-999.0,8.7,7.7,9.6,2019,1 year estimate,Behavioral Risk Factor Surveillance System,,,02-26-2025,
DE,10,state,Delaware,Diabetes,Total,-999.0,-999.0,12.8,11.6,13.9,2019,1 year estimate,Behavioral Risk Factor Surveillance System,,,02-26-2025,
FL,12,state,Florida,Diabetes,Total,-999.0,-999.0,11.7,10.9,12.5,2019,1 year estimate,Behavioral Risk Factor Surveillance System,,,02-26-2025,
GA,13,state,Georgia,Diabetes,Total,-999.0,-999.0,12.0,11.1,12.8,2019,1 year estimate,Behavioral Risk Factor Surveillance System,,,02-26-2025,
HI,15,state,Hawaii,Diabetes,Total,-999.0,-999.0,10.5,9.8,11.2,2019,1 year estimate,Behavioral Risk Factor Surveillance System,,,02-26-2025,
IA,19,state,Iowa,Diabetes,Total,-999.0,-999.0,10.3,9.7,10.8,2019,1 year estimate,Behavioral Risk Factor Surveillance System,,,02-26-2025,
ID,16,state,Idaho,Diabetes,Total,-999.0,-999.0,10.3,9.3,11.2,2019,1 year estimate,Behavioral Risk Factor Surveillance System,,,02-26-2025,
IL,17,state,Illinois,Diabetes,Total,-999.0,-999.0,11.3,10.5,12.0,2019,1 year estimate,Behavioral Risk Factor Surveillance System,,,02-26-2025,
IN,18,state,Indiana,Diabetes,Total,-999.0,-999.0,12.4,11.8,13.1,2019,1 year estimate,Behavioral Risk Factor Surveillance System,,,02-26-2025,
KS,20,state,Kansas,Diabetes,Total,-999.0,-999.0,10.8,10.3,11.3,2019,1 year estimate,Behavioral Risk Factor Surveillance System,,,02-26-2025,
KY,21,state,Kentucky,Diabetes,Total,-999.0,-999.0,13.3,12.4,14.2,2019,1 year estimate,Behavioral Risk Factor Surveillance System,,,02-26-2025,
LA,22,state,Louisiana,Diabetes,Total,-999.0,-999.0,12.6,11.7,13.5,2019,1 year estimate,Behavioral Risk Factor Surveillance System,,,02-26-2025,
MA,25,state,Massachusetts,Diabetes,Total,-999.0,-999.0,8.4,7.8,9.1,2019,1 year estimate,Behavioral Risk Factor Surveillance System,,,02-26-2025,
MD,24,state,Maryland,Diabetes,Total,-999.0,-999.0,11.0,10.5,11.5,2019,1 year estimate,Behavioral Risk Factor Surveillance System,,,02-26-2025,
ME,23,state,Maine,Diabetes,Total,-999.0,-999.0,10.6,9.9,11.3,2019,1 year estimate,Behavioral Risk Factor Surveillance System,,,02-26-2025,
MI,26,state,Michigan,Diabetes,Total,-999.0,-999.0,11.1,10.5,11.7,2019,1 year estimate,Behavioral Risk Factor Surveillance System,,,02-26-2025,
MN,27,state,Minnesota,Diabetes,Total,-999.0,-999.0,8.8,8.4,9.2,2019,1 year estimate,Behavioral Risk Factor Surveillance System,,,02-26-2025,
MO,29,state,Missouri,Diabetes,Total,-999.0,-999.0,10.3,9.6,11.0,2019,1 year estimate,Behavioral Risk Factor Surveillance System,,,02-26-2025,
MS,28,state,Mississippi,Diabetes,Total,-999.0,-999.0,14.8,13.9,15.8,2019,1 year estimate,Behavioral Risk Factor Surveillance System,,,02-26-2025,
MT,30,state,Montana,Diabetes,Total,-999.0,-999.0,7.6,7.0,8.2,2019,1 year estimate,Behavioral Risk Factor Surveillance System,,,02-26-2025,
NC,37,state,North Carolina,Diabetes,Total,-999.0,-999.0,11.8,11.0,12.7,2019,1 year estimate,Behavioral Risk Factor Surveillance System,,,02-26-2025,
ND,38,state,North Dakota,Diabetes,Total,-999.0,-999.0,8.9,8.2,9.6,2019,1 year estimate,Behavioral Risk Factor Surveillance System,,,02-26-2025,
NE,31,state,Nebraska,Diabetes,Total,-999.0,-999.0,10.2,9.7,10.7,2019,1 year estimate,Behavioral Risk Factor Surveillance System,,,02-26-2025,
NH,33,state,New Hampshire,Diabetes,Total,-999.0,-999.0,9.2,8.5,10.0,2019,1 year estimate,Behavioral Risk Factor Surveillance System,,,02-26-2025,
NM,35,state,New Mexico,Diabetes,Total,-999.0,-999.0,12.3,11.4,13.2,2019,1 year estimate,Behavioral Risk Factor Surveillance System,,,02-26-2025,
NV,32,state,Nevada,Diabetes,Total,-999.0,-999.0,10.9,9.5,12.3,2019,1 year estimate,Behavioral Risk Factor Surveillance System,,,02-26-2025,
NY,36,state,New York,Diabetes,Total,-999.0,-999.0,10.5,9.9,11.1,2019,1 year estimate,Behavioral Risk Factor Surveillance System,,,02-26-2025,
OH,39,state,Ohio,Diabetes,Total,-999.0,-999.0,12.0,11.3,12.6,2019,1 year estimate,Behavioral Risk Factor Surveillance System,,,02-26-2025,
OK,40,state,Oklahoma,Diabetes,Total,-999.0,-999.0,12.2,11.5,13.0,2019,1 year estimate,Behavioral Risk Factor Surveillance System,,,02-26-2025,
OR,41,state,Oregon,Diabetes,Total,-999.0,-999.0,8.6,7.9,9.3,2019,1 year estimate,Behavioral Risk Factor Surveillance System,,,02-26-2025,
PA,42,state,Pennsylvania,Diabetes,Total,-999.0,-999.0,10.8,10.0,11.6,2019,1 year estimate,Behavioral Risk Factor Surveillance System,,,02-26-2025,
RI,44,state,Rhode Island,Diabetes,Total,-999.0,-999.0,10.4,9.6,11.3,2019,1 year estimate,Behavioral Risk Factor Surveillance System,,,02-26-2025,
SC,45,state,South Carolina,Diabetes,Total,-999.0,-999.0,13.4,12.6,14.2,2019,1 year estimate,Behavioral Risk Factor Surveillance System,,,02-26-2025,
SD,46,state,South Dakota,Diabetes,Total,-999.0,-999.0,10.6,9.4,11.8,2019,1 year estimate,Behavioral Risk Factor Surveillance System,,,02-26-2025,
TN,47,state,Tennessee,Diabetes,Total,-999.0,-999.0,13.8,12.9,14.7,2019,1 year estimate,Behavioral Risk Factor Surveillance System,,,02-26-2025,
TX,48,state,Texas,Diabetes,Total,-999.0,-999.0,12.2,11.3,13.2,2019,1 year estimate,Behavioral Risk Factor Surveillance System,,,02-26-2025,
UT,49,state,Utah,Diabetes,Total,-999.0,-999.0,8.0,7.5,8.5,2019,1 year estimate,Behavioral Risk Factor Surveillance System,,,02-26-2025,
VA,51,state,Virginia,Diabetes,Total,-999.0,-999.0,10.9,10.3,11.5,2019,1 year estimate,Behavioral Risk Factor Surveillance System,,,02-26-2025,
VT,50,state,Vermont,Diabetes,Total,-999.0,-999.0,8.7,7.9,9.5,2019,1 year estimate,Behavioral Risk Factor Surveillance System,,,02-26-2025,
WA,53,state,Washington,Diabetes,Total,-999.0,-999.0,9.4,8.9,9.9,2019,1 year estimate,Behavioral Risk Factor Surveillance System,,,02-26-2025,
WI,55,state,Wisconsin,Diabetes,Total,-999.0,-999.0,8.7,7.9,9.4,2019,1 year estimate,Behavioral Risk Factor Surveillance System,,,02-26-2025,
WV,54,state,West Virginia,Diabetes,Total,-999.0,-999.0,15.7,14.7,16.6,2019,1 year estimate,Behavioral Risk Factor Surveillance System,,,02-26-2025,
WY,56,state,Wyoming,Diabetes,Total,-999.0,-999.0,7.8,7.0,8.6,2019,1 year estimate,Behavioral Risk Factor Surveillance System,,,02-26-2025,
NJ,34,state,New Jersey,Diabetes,Total,-999.0,-999.0,,,,2019,1 year estimate,Behavioral Risk Factor Surveillance System,missing_1,,02-26-2025,
AK,02,state,Alaska,Diabetes,Total,-999.0,-999.0,7.6,6.6,8.7,2020,1 year estimate,Behavioral Risk Factor Surveillance System,,,02-26-2025,
AL,01,state,Alabama,Diabetes,Total,-999.0,-999.0,14.8,13.8,15.9,2020,1 year estimate,Behavioral Risk Factor Surveillance System,,,02-26-2025,
AR,05,state,Arkansas,Diabetes,Total,-999.0,-999.0,13.2,12.3,14.1,2020,1 year estimate,Behavioral Risk Factor Surveillance System,,,02-26-2025,
AZ,04,state,Arizona,Diabetes,Total,-999.0,-999.0,11.0,10.3,11.7,2020,1 year estimate,Behavioral Risk Factor Surveillance System,,,02-26-2025,
CA,06,state,California,Diabetes,Total,-999.0,-999.0,9.8,8.9,10.8,2020,1 year estimate,Behavioral Risk Factor Surveillance System,,,02-26-2025,
CO,08,state,Colorado,Diabetes,Total,-999.0,-999.0,7.6,7.1,8.0,2020,1 year estimate,Behavioral Risk Factor Surveillance System,,,02-26-2025,
CT,09,state,Connecticut,Diabetes,Total,-999.0,-999.0,9.5,8.7,10.2,2020,1 year estimate,Behavioral Risk Factor Surveillance System,,,02-26-2025,
DC,11,state,District of Columbia,Diabetes,Total,-999.0,-999.0,7.5,6.6,8.4,2020,1 year estimate,Behavioral Risk Factor Surveillance System,,,02-26-2025,
DE,10,state,Delaware,Diabetes,Total,-999.0,-999.0,12.4,11.3,13.6,2020,1 year estimate,Behavioral Risk Factor Surveillance System,,,02-26-2025,
FL,12,state,Florida,Diabetes,Total,-999.0,-999.0,11.8,10.8,12.8,2020,1 year estimate,Behavioral Risk Factor Surveillance System,,,02-26-2025,
GA,13,state,Georgia,Diabetes,Total,-999.0,-999.0,11.6,10.8,12.3,2020,1 year estimate,Behavioral Risk Factor Surveillance System,,,02-26-2025,
HI,15,state,Hawaii,Diabetes,Total,-999.0,-999.0,10.9,10.1,11.7,2020,1 year estimate,Behavioral Risk Factor Surveillance System,,,02-26-2025,
IA,19,state,Iowa,Diabetes,Total,-999.0,-999.0,10.2,9.6,10.8,2020,1 year estimate,Behavioral Risk Factor Surveillance System,,,02-26-2025,
ID,16,state,Idaho,Diabetes,Total,-999.0,-999.0,8.8,8.0,9.6,2020,1 year estimate,Behavioral Risk Factor Surveillance System,,,02-26-2025,
IL,17,state,Illinois,Diabetes,Total,-999.0,-999.0,10.6,9.5,11.7,2020,1 year estimate,Behavioral Risk Factor Surveillance System,,,02-26-2025,
IN,18,state,Indiana,Diabetes,Total,-999.0,-999.0,11.8,11.2,12.4,2020,1 year estimate,Behavioral Risk Factor Surveillance System,,,02-26-2025,
KS,20,state,Kansas,Diabetes,Total,-999.0,-999.0,11.1,10.5,11.6,2020,1 year estimate,Behavioral Risk Factor Surveillance System,,,02-26-2025,
KY,21,state,Kentucky,Diabetes,Total,-999.0,-999.0,13.0,12.0,14.0,2020,1 year estimate,Behavioral Risk Factor Surveillance System,,,02-26-2025,
LA,22,state,Louisiana,Diabetes,Total,-999.0,-999.0,14.1,13.1,15.2,2020,1 year estimate,Behavioral Risk Factor Surveillance System,,,02-26-2025,
MA,25,state,Massachusetts,Diabetes,Total,-999.0,-999.0,8.8,8.0,9.5,2020,1 year estimate,Behavioral Risk Factor Surveillance System,,,02-26-2025,
MD,24,state,Maryland,Diabetes,Total,-999.0,-999.0,10.2,9.6,10.7,2020,1 year estimate,Behavioral Risk Factor Surveillance System,,,02-26-2025,
ME,23,state,Maine,Diabetes,Total,-999.0,-999.0,10.3,9.6,11.0,2020,1 year estimate,Behavioral Risk Factor Surveillance System,,,02-26-2025,
MI,26,state,Michigan,Diabetes,Total,-999.0,-999.0,12.3,11.5,13.1,2020,1 year estimate,Behavioral Risk Factor Surveillance System,,,02-26-2025,
MN,27,state,Minnesota,Diabetes,Total,-999.0,-999.0,8.8,8.4,9.2,2020,1 year estimate,Behavioral Risk Factor Surveillance System,,,02-26-2025,
MO,29,state,Missouri,Diabetes,Total,-999.0,-999.0,10.8,10.1,11.4,2020,1 year estimate,Behavioral Risk Factor Surveillance System,,,02-26-2025,
MS,28,state,Mississippi,Diabetes,Total,-999.0,-999.0,14.6,13.8,15.5,2020,1 year estimate,Behavioral Risk Factor Surveillance System,,,02-26-2025,
MT,30,state,Montana,Diabetes,Total,-999.0,-999.0,9.1,8.4,9.7,2020,1 year estimate,Behavioral Risk Factor Surveillance System,,,02-26-2025,
NC,37,state,North Carolina,Diabetes,Total,-999.0,-999.0,12.4,11.5,13.2,2020,1 year estimate,Behavioral Risk Factor Surveillance System,,,02-26-2025,
ND,38,state,North Dakota,Diabetes,Total,-999.0,-999.0,9.9,9.0,10.8,2020,1 year estimate,Behavioral Risk Factor Surveillance System,,,02-26-2025,
NE,31,state,Nebraska,Diabetes,Total,-999.0,-999.0,9.9,9.3,10.4,2020,1 year estimate,Behavioral Risk Factor Surveillance System,,,02-26-2025,
NH,33,state,New Hampshire,Diabetes,Total,-999.0,-999.0,8.8,8.2,9.5,2020,1 year estimate,Behavioral Risk Factor Surveillance System,,,02-26-2025,
NJ,34,state,New Jersey,Diabetes,Total,-999.0,-999.0,10.0,9.3,10.6,2020,1 year estimate,Behavioral Risk Factor Surveillance System,,,02-26-2025,
NM,35,state,New Mexico,Diabetes,Total,-999.0,-999.0,12.4,11.4,13.4,2020,1 year estimate,Behavioral Risk Factor Surveillance System,,,02-26-2025,
NV,32,state,Nevada,Diabetes,Total,-999.0,-999.0,11.1,9.7,12.5,2020,1 year estimate,Behavioral Risk Factor Surveillance System,,,02-26-2025,
NY,36,state,New York,Diabetes,Total,-999.0,-999.0,10.3,9.7,10.9,2020,1 year estimate,Behavioral Risk Factor Surveillance System,,,02-26-2025,
OH,39,state,Ohio,Diabetes,Total,-999.0,-999.0,12.4,11.8,13.0,2020,1 year estimate,Behavioral Risk Factor Surveillance System,,,02-26-2025,
OK,40,state,Oklahoma,Diabetes,Total,-999.0,-999.0,13.0,12.0,13.9,2020,1 year estimate,Behavioral Risk Factor Surveillance System,,,02-26-2025,
OR,41,state,Oregon,Diabetes,Total,-999.0,-999.0,9.5,8.7,10.3,2020,1 year estimate,Behavioral Risk Factor Surveillance System,,,02-26-2025,
PA,42,state,Pennsylvania,Diabetes,Total,-999.0,-999.0,11.4,10.5,12.4,2020,1 year estimate,Behavioral Risk Factor Surveillance System,,,02-26-2025,
RI,44,state,Rhode Island,Diabetes,Total,-999.0,-999.0,10.3,9.5,11.2,2020,1 year estimate,Behavioral Risk Factor Surveillance System,,,02-26-2025,
SC,45,state,South Carolina,Diabetes,Total,-999.0,-999.0,13.6,12.5,14.7,2020,1 year estimate,Behavioral Risk Factor Surveillance System,,,02-26-2025,
SD,46,state,South Dakota,Diabetes,Total,-999.0,-999.0,7.9,7.0,8.8,2020,1 year estimate,Behavioral Risk Factor Surveillance System,,,02-26-2025,
TN,47,state,Tennessee,Diabetes,Total,-999.0,-999.0,14.1,13.0,15.2,2020,1 year estimate,Behavioral Risk Factor Surveillance System,,,02-26-2025,
TX,48,state,Texas,Diabetes,Total,-999.0,-999.0,12.6,11.5,13.6,2020,1 year estimate,Behavioral Risk Factor Surveillance System,,,02-26-2025,
UT,49,state,Utah,Diabetes,Total,-999.0,-999.0,8.2,7.7,8.7,2020,1 year estimate,Behavioral Risk Factor Surveillance System,,,02-26-2025,
VA,51,state,Virginia,Diabetes,Total,-999.0,-999.0,11.1,10.4,11.7,2020,1 year estimate,Behavioral Risk Factor Surveillance System,,,02-26-2025,
VT,50,state,Vermont,Diabetes,Total,-999.0,-999.0,7.9,7.2,8.6,2020,1 year estimate,Behavioral Risk Factor Surveillance System,,,02-26-2025,
WA,53,state,Washington,Diabetes,Total,-999.0,-999.0,8.6,8.1,9.1,2020,1 year estimate,Behavioral Risk Factor Surveillance System,,,02-26-2025,
WI,55,state,Wisconsin,Diabetes,Total,-999.0,-999.0,8.9,8.1,9.7,2020,1 year estimate,Behavioral Risk Factor Surveillance System,,,02-26-2025,
WV,54,state,West Virginia,Diabetes,Total,-999.0,-999.0,15.7,14.8,16.6,2020,1 year estimate,Behavioral Risk Factor Surveillance System,,,02-26-2025,
WY,56,state,Wyoming,Diabetes,Total,-999.0,-999.0,8.5,7.7,9.4,2020,1 year estimate,Behavioral Risk Factor Surveillance System,,,02-26-2025,
AK,02,state,Alaska,Diabetes,Total,-999.0,-999.0,8.3,7.5,9.2,2021,1 year estimate,Behavioral Risk Factor Surveillance System,,,02-26-2025,
AL,01,state,Alabama,Diabetes,Total,-999.0,-999.0,15.1,14.0,16.2,2021,1 year estimate,Behavioral Risk Factor Surveillance System,,,02-26-2025,
AR,05,state,Arkansas,Diabetes,Total,-999.0,-999.0,12.5,11.6,13.4,2021,1 year estimate,Behavioral Risk Factor Surveillance System,,,02-26-2025,
AZ,04,state,Arizona,Diabetes,Total,-999.0,-999.0,11.0,10.4,11.7,2021,1 year estimate,Behavioral Risk Factor Surveillance System,,,02-26-2025,
CA,06,state,California,Diabetes,Total,-999.0,-999.0,11.6,10.7,12.5,2021,1 year estimate,Behavioral Risk Factor Surveillance System,,,02-26-2025,
CO,08,state,Colorado,Diabetes,Total,-999.0,-999.0,7.0,6.5,7.5,2021,1 year estimate,Behavioral Risk Factor Surveillance System,,,02-26-2025,
CT,09,state,Connecticut,Diabetes,Total,-999.0,-999.0,10.8,10.0,11.6,2021,1 year estimate,Behavioral Risk Factor Surveillance System,,,02-26-2025,
DC,11,state,District of Columbia,Diabetes,Total,-999.0,-999.0,7.7,6.8,8.6,2021,1 year estimate,Behavioral Risk Factor Surveillance System,,,02-26-2025,
DE,10,state,Delaware,Diabetes,Total,-999.0,-999.0,12.0,10.8,13.1,2021,1 year estimate,Behavioral Risk Factor Surveillance System,,,02-26-2025,
GA,13,state,Georgia,Diabetes,Total,-999.0,-999.0,12.3,11.5,13.1,2021,1 year estimate,Behavioral Risk Factor Surveillance System,,,02-26-2025,
HI,15,state,Hawaii,Diabetes,Total,-999.0,-999.0,9.5,8.7,10.2,2021,1 year estimate,Behavioral Risk Factor Surveillance System,,,02-26-2025,
IA,19,state,Iowa,Diabetes,Total,-999.0,-999.0,9.7,9.1,10.3,2021,1 year estimate,Behavioral Risk Factor Surveillance System,,,02-26-2025,
ID,16,state,Idaho,Diabetes,Total,-999.0,-999.0,9.8,9.1,10.4,2021,1 year estimate,Behavioral Risk Factor Surveillance System,,,02-26-2025,
IL,17,state,Illinois,Diabetes,Total,-999.0,-999.0,10.8,9.7,11.9,2021,1 year estimate,Behavioral Risk Factor Surveillance System,,,02-26-2025,
IN,18,state,Indiana,Diabetes,Total,-999.0,-999.0,12.1,11.5,12.7,2021,1 year estimate,Behavioral Risk Factor Surveillance System,,,02-26-2025,
KS,20,state,Kansas,Diabetes,Total,-999.0,-999.0,11.1,10.6,11.5,2021,1 year estimate,Behavioral Risk Factor Surveillance System,,,02-26-2025,
KY,21,state,Kentucky,Diabetes,Total,-999.0,-999.0,13.8,12.8,14.9,2021,1 year estimate,Behavioral Risk Factor Surveillance System,,,02-26-2025,
LA,22,state,Louisiana,Diabetes,Total,-999.0,-999.0,13.6,12.6,14.7,2021,1 year estimate,Behavioral Risk Factor Surveillance System,,,02-26-2025,
MA,25,state,Massachusetts,Diabetes,Total,-999.0,-999.0,8.9,8.2,9.7,2021,1 year estimate,Behavioral Risk Factor Surveillance System,,,02-26-2025,
MD,24,state,Maryland,Diabetes,Total,-999.0,-999.0,11.1,10.5,11.6,2021,1 year estimate,Behavioral Risk Factor Surveillance System,,,02-26-2025,
ME,23,state,Maine,Diabetes,Total,-999.0,-999.0,10.4,9.8,11.0,2021,1 year estimate,Behavioral Risk Factor Surveillance System,,,02-26-2025,
MI,26,state,Michigan,Diabetes,Total,-999.0,-999.0,10.8,10.2,11.4,2021,1 year estimate,Behavioral Risk Factor Surveillance System,,,02-26-2025,
MN,27,state,Minnesota,Diabetes,Total,-999.0,-999.0,9.0,8.6,9.4,2021,1 year estimate,Behavioral Risk Factor Surveillance System,,,02-26-2025,
MO,29,state,Missouri,Diabetes,Total,-999.0,-999.0,11.3,10.6,11.9,2021,1 year estimate,Behavioral Risk Factor Surveillance System,,,02-26-2025,
MS,28,state,Mississippi,Diabetes,Total,-999.0,-999.0,15.2,14.1,16.3,2021,1 year estimate,Behavioral Risk Factor Surveillance System,,,02-26-2025,
MT,30,state,Montana,Diabetes,Total,-999.0,-999.0,8.9,8.2,9.6,2021,1 year estimate,Behavioral Risk Factor Surveillance System,,,02-26-2025,
NC,37,state,North Carolina,Diabetes,Total,-999.0,-999.0,12.7,11.7,13.7,2021,1 year estimate,Behavioral Risk Factor Surveillance System,,,02-26-2025,
ND,38,state,North Dakota,Diabetes,Total,-999.0,-999.0,9.5,8.8,10.3,2021,1 year estimate,Behavioral Risk Factor Surveillance System,,,02-26-2025,
NE,31,state,Nebraska,Diabetes,Total,-999.0,-999.0,9.6,9.1,10.2,2021,1 year estimate,Behavioral Risk Factor Surveillance System,,,02-26-2025,
NH,33,state,New Hampshire,Diabetes,Total,-999.0,-999.0,8.7,8.0,9.4,2021,1 year estimate,Behavioral Risk Factor Surveillance System,,,02-26-2025,
NJ,34,state,New Jersey,Diabetes,Total,-999.0,-999.0,10.3,9.6,11.0,2021,1 year estimate,Behavioral Risk Factor Surveillance System,,,02-26-2025,
NM,35,state,New Mexico,Diabetes,Total,-999.0,-999.0,13.2,12.2,14.1,2021,1 year estimate,Behavioral Risk Factor Surveillance System,,,02-26-2025,
NV,32,state,Nevada,Diabetes,Total,-999.0,-999.0,11.5,10.1,12.9,2021,1 year estimate,Behavioral Risk Factor Surveillance System,,,02-26-2025,
NY,36,state,New York,Diabetes,Total,-999.0,-999.0,11.4,11.0,11.9,2021,1 year estimate,Behavioral Risk Factor Surveillance System,,,02-26-2025,
OH,39,state,Ohio,Diabetes,Total,-999.0,-999.0,12.6,12.0,13.2,2021,1 year estimate,Behavioral Risk Factor Surveillance System,,,02-26-2025,
OK,40,state,Oklahoma,Diabetes,Total,-999.0,-999.0,12.8,12.0,13.7,2021,1 year estimate,Behavioral Risk Factor Surveillance System,,,02-26-2025,
OR,41,state,Oregon,Diabetes,Total,-999.0,-999.0,9.6,8.8,10.4,2021,1 year estimate,Behavioral Risk Factor Surveillance System,,,02-26-2025,
PA,42,state,Pennsylvania,Diabetes,Total,-999.0,-999.0,11.1,10.2,11.9,2021,1 year estimate,Behavioral Risk Factor Surveillance System,,,02-26-2025,
RI,44,state,Rhode Island,Diabetes,Total,-999.0,-999.0,10.4,9.6,11.3,2021,1 year estimate,Behavioral Risk Factor Surveillance System,,,02-26-2025,
SC,45,state,South Carolina,Diabetes,Total,-999.0,-999.0,13.7,13.0,14.5,2021,1 year estimate,Behavioral Risk Factor Surveillance System,,,02-26-2025,
SD,46,state,South Dakota,Diabetes,Total,-999.0,-999.0,10.8,9.4,12.2,2021,1 year estimate,Behavioral Risk Factor Surveillance System,,,02-26-2025,
TN,47,state,Tennessee,Diabetes,Total,-999.0,-999.0,14.0,13.0,15.0,2021,1 year estimate,Behavioral Risk Factor Surveillance System,,,02-26-2025,
TX,48,state,Texas,Diabetes,Total,-999.0,-999.0,11.5,10.6,12.3,2021,1 year estimate,Behavioral Risk Factor Surveillance System,,,02-26-2025,
UT,49,state,Utah,Diabetes,Total,-999.0,-999.0,8.0,7.5,8.5,2021,1 year estimate,Behavioral Risk Factor Surveillance System,,,02-26-2025,
VA,51,state,Virginia,Diabetes,Total,-999.0,-999.0,11.5,10.8,12.1,2021,1 year estimate,Behavioral Risk Factor Surveillance System,,,02-26-2025,
VT,50,state,Vermont,Diabetes,Total,-999.0,-999.0,8.5,7.7,9.3,2021,1 year estimate,Behavioral Risk Factor Surveillance System,,,02-26-2025,
WA,53,state,Washington,Diabetes,Total,-999.0,-999.0,8.7,8.2,9.2,2021,1 year estimate,Behavioral Risk Factor Surveillance System,,,02-26-2025,
WI,55,state,Wisconsin,Diabetes,Total,-999.0,-999.0,9.1,8.3,9.9,2021,1 year estimate,Behavioral Risk Factor Surveillance System,,,02-26-2025,
WV,54,state,West Virginia,Diabetes,Total,-999.0,-999.0,15.9,15.0,16.7,2021,1 year estimate,Behavioral Risk Factor Surveillance System,,,02-26-2025,
WY,56,state,Wyoming,Diabetes,Total,-999.0,-999.0,8.8,7.9,9.7,2021,1 year estimate,Behavioral Risk Factor Surveillance System,,,02-26-2025,
FL,12,state,Florida,Diabetes,Total,-999.0,-999.0,,,,2021,1 year estimate,Behavioral Risk Factor Surveillance System,missing_1,,02-26-2025,
AK,02,state,Alaska,Diabetes,Total,-999.0,-999.0,8.7,7.9,9.5,2022,1 year estimate,Behavioral Risk Factor Surveillance System,,,02-26-2025,
AL,01,state,Alabama,Diabetes,Total,-999.0,-999.0,15.5,14.4,16.7,2022,1 year estimate,Behavioral Risk Factor Surveillance System,,,02-26-2025,
AR,05,state,Arkansas,Diabetes,Total,-999.0,-999.0,15.7,14.7,16.7,2022,1 year estimate,Behavioral Risk Factor Surveillance System,,,02-26-2025,
AZ,04,state,Arizona,Diabetes,Total,-999.0,-999.0,12.7,11.9,13.6,2022,1 year estimate,Behavioral Risk Factor Surveillance System,,,02-26-2025,
CA,06,state,California,Diabetes,Total,-999.0,-999.0,11.5,10.7,12.3,2022,1 year estimate,Behavioral Risk Factor Surveillance System,,,02-26-2025,
CO,08,state,Colorado,Diabetes,Total,-999.0,-999.0,8.1,7.5,8.7,2022,1 year estimate,Behavioral Risk Factor Surveillance System,,,02-26-2025,
CT,09,state,Connecticut,Diabetes,Total,-999.0,-999.0,10.7,9.9,11.6,2022,1 year estimate,Behavioral Risk Factor Surveillance System,,,02-26-2025,
DC,11,state,District of Columbia,Diabetes,Total,-999.0,-999.0,8.0,7.0,9.0,2022,1 year estimate,Behavioral Risk Factor Surveillance System,,,02-26-2025,
DE,10,state,Delaware,Diabetes,Total,-999.0,-999.0,13.9,12.7,15.1,2022,1 year estimate,Behavioral Risk Factor Surveillance System,,,02-26-2025,
FL,12,state,Florida,Diabetes,Total,-999.0,-999.0,12.2,11.3,13.2,2022,1 year estimate,Behavioral Risk Factor Surveillance System,,,02-26-2025,
GA,13,state,Georgia,Diabetes,Total,-999.0,-999.0,12.1,11.3,12.8,2022,1 year estimate,Behavioral Risk Factor Surveillance System,,,02-26-2025,
HI,15,state,Hawaii,Diabetes,Total,-999.0,-999.0,11.7,10.9,12.6,2022,1 year estimate,Behavioral Risk Factor Surveillance System,,,02-26-2025,
IA,19,state,Iowa,Diabetes,Total,-999.0,-999.0,11.6,10.9,12.3,2022,1 year estimate,Behavioral Risk Factor Surveillance System,,,02-26-2025,
ID,16,state,Idaho,Diabetes,Total,-999.0,-999.0,9.9,9.2,10.6,2022,1 year estimate,Behavioral Risk Factor Surveillance System,,,02-26-2025,
IL,17,state,Illinois,Diabetes,Total,-999.0,-999.0,12.0,10.9,13.0,2022,1 year estimate,Behavioral Risk Factor Surveillance System,,,02-26-2025,
IN,18,state,Indiana,Diabetes,Total,-999.0,-999.0,12.7,12.1,13.3,2022,1 year estimate,Behavioral Risk Factor Surveillance System,,,02-26-2025,
KS,20,state,Kansas,Diabetes,Total,-999.0,-999.0,11.4,10.8,12.0,2022,1 year estimate,Behavioral Risk Factor Surveillance System,,,02-26-2025,
KY,21,state,Kentucky,Diabetes,Total,-999.0,-999.0,14.8,13.5,16.0,2022,1 year estimate,Behavioral Risk Factor Surveillance System,,,02-26-2025,
LA,22,state,Louisiana,Diabetes,Total,-999.0,-999.0,14.7,13.7,15.6,2022,1 year estimate,Behavioral Risk Factor Surveillance System,,,02-26-2025,
MA,25,state,Massachusetts,Diabetes,Total,-999.0,-999.0,10.5,9.7,11.2,2022,1 year estimate,Behavioral Risk Factor Surveillance System,,,02-26-2025,
MD,24,state,Maryland,Diabetes,Total,-999.0,-999.0,11.9,11.3,12.6,2022,1 year estimate,Behavioral Risk Factor Surveillance System,,,02-26-2025,
ME,23,state,Maine,Diabetes,Total,-999.0,-999.0,11.1,10.4,11.8,2022,1 year estimate,Behavioral Risk Factor Surveillance System,,,02-26-2025,
MI,26,state,Michigan,Diabetes,Total,-999.0,-999.0,11.6,11.0,12.3,2022,1 year estimate,Behavioral Risk Factor Surveillance System,,,02-26-2025,
MN,27,state,Minnesota,Diabetes,Total,-999.0,-999.0,10.2,9.7,10.7,2022,1 year estimate,Behavioral Risk Factor Surveillance System,,,02-26-2025,
MO,29,state,Missouri,Diabetes,Total,-999.0,-999.0,11.7,10.9,12.5,2022,1 year estimate,Behavioral Risk Factor Surveillance System,,,02-26-2025,
MS,28,state,Mississippi,Diabetes,Total,-999.0,-999.0,15.3,14.1,16.5,2022,1 year estimate,Behavioral Risk Factor Surveillance System,,,02-26-2025,
MT,30,state,Montana,Diabetes,Total,-999.0,-999.0,8.4,7.8,9.0,2022,1 year estimate,Behavioral Risk Factor Surveillance System,,,02-26-2025,
NC,37,state,North Carolina,Diabetes,Total,-999.0,-999.0,12.1,11.1,13.2,2022,1 year estimate,Behavioral Risk Factor Surveillance System,,,02-26-2025,
ND,38,state,North Dakota,Diabetes,Total,-999.0,-999.0,9.6,8.8,10.4,2022,1 year estimate,Behavioral Risk Factor Surveillance System,,,02-26-2025,
NE,31,state,Nebraska,Diabetes,Total,-999.0,-999.0,10.8,10.1,11.5,2022,1 year estimate,Behavioral Risk Factor Surveillance System,,,02-26-2025,
NH,33,state,New Hampshire,Diabetes,Total,-999.0,-999.0,9.7,9.0,10.5,2022,1 year estimate,Behavioral Risk Factor Surveillance System,,,02-26-2025,
NJ,34,state,New Jersey,Diabetes,Total,-999.0,-999.0,10.8,10.0,11.7,2022,1 year estimate,Behavioral Risk Factor Surveillance System,,,02-26-2025,
NM,35,state,New Mexico,Diabetes,Total,-999.0,-999.0,12.6,11.5,13.6,2022,1 year estimate,Behavioral Risk Factor Surveillance System,,,02-26-2025,
NV,32,state,Nevada,Diabetes,Total,-999.0,-999.0,10.1,8.9,11.2,2022,1 year estimate,Behavioral Risk Factor Surveillance System,,,02-26-2025,
NY,36,state,New York,Diabetes,Total,-999.0,-999.0,11.3,10.7,11.9,2022,1 year estimate,Behavioral Risk Factor Surveillance System,,,02-26-2025,
OH,39,state,Ohio,Diabetes,Total,-999.0,-999.0,13.1,12.4,13.7,2022,1 year estimate,Behavioral Risk Factor Surveillance System,,,02-26-2025,
OK,40,state,Oklahoma,Diabetes,Total,-999.0,-999.0,13.3,12.5,14.1,2022,1 year estimate,Behavioral Risk Factor Surveillance System,,,02-26-2025,
OR,41,state,Oregon,Diabetes,Total,-999.0,-999.0,10.3,9.5,11.2,2022,1 year estimate,Behavioral Risk Factor Surveillance System,,,02-26-2025,
PA,42,state,Pennsylvania,Diabetes,Total,-999.0,-999.0,11.5,10.2,12.7,2022,1 year estimate,Behavioral Risk Factor Surveillance System,,,02-26-2025,
RI,44,state,Rhode Island,Diabetes,Total,-999.0,-999.0,11.5,10.7,12.4,2022,1 year estimate,Behavioral Risk Factor Surveillance System,,,02-26-2025,
SC,45,state,South Carolina,Diabetes,Total,-999.0,-999.0,12.9,12.2,13.6,2022,1 year estimate,Behavioral Risk Factor Surveillance System,,,02-26-2025,
SD,46,state,South Dakota,Diabetes,Total,-999.0,-999.0,9.1,7.7,10.5,2022,1 year estimate,Behavioral Risk Factor Surveillance System,,,02-26-2025,
TN,47,state,Tennessee,Diabetes,Total,-999.0,-999.0,14.8,13.8,15.8,2022,1 year estimate,Behavioral Risk Factor Surveillance System,,,02-26-2025,
TX,48,state,Texas,Diabetes,Total,-999.0,-999.0,13.9,13.0,14.8,2022,1 year estimate,Behavioral Risk Factor Surveillance System,,,02-26-2025,
UT,49,state,Utah,Diabetes,Total,-999.0,-999.0,8.7,8.2,9.3,2022,1 year estimate,Behavioral Risk Factor Surveillance System,,,02-26-2025,
VA,51,state,Virginia,Diabetes,Total,-999.0,-999.0,12.8,12.0,13.5,2022,1 year estimate,Behavioral Risk Factor Surveillance System,,,02-26-2025,
VT,50,state,Vermont,Diabetes,Total,-999.0,-999.0,8.4,7.7,9.1,2022,1 year estimate,Behavioral Risk Factor Surveillance System,,,02-26-2025,
WA,53,state,Washington,Diabetes,Total,-999.0,-999.0,9.7,9.3,10.0,2022,1 year estimate,Behavioral Risk Factor Surveillance System,,,02-26-2025,
WI,55,state,Wisconsin,Diabetes,Total,-999.0,-999.0,10.3,9.7,10.8,2022,1 year estimate,Behavioral Risk Factor Surveillance System,,,02-26-2025,
WV,54,state,West Virginia,Diabetes,Total,-999.0,-999.0,17.4,16.4,18.4,2022,1 year estimate,Behavioral Risk Factor Surveillance System,,,02-26-2025,
WY,56,state,Wyoming,Diabetes,Total,-999.0,-999.0,9.3,8.6,10.1,2022,1 year estimate,Behavioral Risk Factor Surveillance System,,,02-26-2025,
AK,02,state,Alaska,Diabetes,Total,-999.0,-999.0,8.7,7.9,9.5,2023,1 year estimate,Behavioral Risk Factor Surveillance System,,,04-06-2026,
AL,01,state,Alabama,Diabetes,Total,-999.0,-999.0,15.7,14.6,16.8,2023,1 year estimate,Behavioral Risk Factor Surveillance System,,,04-06-2026,
AR,05,state,Arkansas,Diabetes,Total,-999.0,-999.0,14.5,13.5,15.5,2023,1 year estimate,Behavioral Risk Factor Surveillance System,,,04-06-2026,
AZ,04,state,Arizona,Diabetes,Total,-999.0,-999.0,11.4,10.7,12.1,2023,1 year estimate,Behavioral Risk Factor Surveillance System,,,04-06-2026,
CA,06,state,California,Diabetes,Total,-999.0,-999.0,11.5,10.8,12.2,2023,1 year estimate,Behavioral Risk Factor Surveillance System,,,04-06-2026,
CO,08,state,Colorado,Diabetes,Total,-999.0,-999.0,8.6,8.0,9.2,2023,1 year estimate,Behavioral Risk Factor Surveillance System,,,04-06-2026,
CT,09,state,Connecticut,Diabetes,Total,-999.0,-999.0,9.9,9.1,10.7,2023,1 year estimate,Behavioral Risk Factor Surveillance System,,,04-06-2026,
DC,11,state,District of Columbia,Diabetes,Total,-999.0,-999.0,7.4,6.5,8.3,2023,1 year estimate,Behavioral Risk Factor Surveillance System,,,04-06-2026,
DE,10,state,Delaware,Diabetes,Total,-999.0,-999.0,13.3,12.1,14.5,2023,1 year estimate,Behavioral Risk Factor Surveillance System,,,04-06-2026,
FL,12,state,Florida,Diabetes,Total,-999.0,-999.0,12.5,11.6,13.5,2023,1 year estimate,Behavioral Risk Factor Surveillance System,,,04-06-2026,
GA,13,state,Georgia,Diabetes,Total,-999.0,-999.0,12.7,11.9,13.5,2023,1 year estimate,Behavioral Risk Factor Surveillance System,,,04-06-2026,
HI,15,state,Hawaii,Diabetes,Total,-999.0,-999.0,11.3,10.4,12.2,2023,1 year estimate,Behavioral Risk Factor Surveillance System,,,04-06-2026,
IA,19,state,Iowa,Diabetes,Total,-999.0,-999.0,11.3,10.7,12.0,2023,1 year estimate,Behavioral Risk Factor Surveillance System,,,04-06-2026,
ID,16,state,Idaho,Diabetes,Total,-999.0,-999.0,9.8,9.0,10.5,2023,1 year estimate,Behavioral Risk Factor Surveillance System,,,04-06-2026,
IL,17,state,Illinois,Diabetes,Total,-999.0,-999.0,12.2,11.2,13.3,2023,1 year estimate,Behavioral Risk Factor Surveillance System,,,04-06-2026,
IN,18,state,Indiana,Diabetes,Total,-999.0,-999.0,13.2,12.6,13.8,2023,1 year estimate,Behavioral Risk Factor Surveillance System,,,04-06-2026,
KS,20,state,Kansas,Diabetes,Total,-999.0,-999.0,11.4,10.7,12.1,2023,1 year estimate,Behavioral Risk Factor Surveillance System,,,04-06-2026,
LA,22,state,Louisiana,Diabetes,Total,-999.0,-999.0,16.1,15.0,17.1,2023,1 year estimate,Behavioral Risk Factor Surveillance System,,,04-06-2026,
MA,25,state,Massachusetts,Diabetes,Total,-999.0,-999.0,9.8,9.0,10.6,2023,1 year estimate,Behavioral Risk Factor Surveillance System,,,04-06-2026,
MD,24,state,Maryland,Diabetes,Total,-999.0,-999.0,12.2,11.6,12.9,2023,1 year estimate,Behavioral Risk Factor Surveillance System,,,04-06-2026,
ME,23,state,Maine,Diabetes,Total,-999.0,-999.0,11.4,10.8,12.0,2023,1 year estimate,Behavioral Risk Factor Surveillance System,,,04-06-2026,
MI,26,state,Michigan,Diabetes,Total,-999.0,-999.0,12.4,11.7,13.1,2023,1 year estimate,Behavioral Risk Factor Surveillance System,,,04-06-2026,
MN,27,state,Minnesota,Diabetes,Total,-999.0,-999.0,10.5,9.8,11.1,2023,1 year estimate,Behavioral Risk Factor Surveillance System,,,04-06-2026,
MO,29,state,Missouri,Diabetes,Total,-999.0,-999.0,12.3,11.5,13.2,2023,1 year estimate,Behavioral Risk Factor Surveillance System,,,04-06-2026,
MS,28,state,Mississippi,Diabetes,Total,-999.0,-999.0,17.0,15.6,18.3,2023,1 year estimate,Behavioral Risk Factor Surveillance System,,,04-06-2026,
MT,30,state,Montana,Diabetes,Total,-999.0,-999.0,9.4,8.8,10.1,2023,1 year estimate,Behavioral Risk Factor Surveillance System,,,04-06-2026,
NC,37,state,North Carolina,Diabetes,Total,-999.0,-999.0,12.4,11.2,13.6,2023,1 year estimate,Behavioral Risk Factor Surveillance System,,,04-06-2026,
ND,38,state,North Dakota,Diabetes,Total,-999.0,-999.0,9.5,8.8,10.2,2023,1 year estimate,Behavioral Risk Factor Surveillance System,,,04-06-2026,
NE,31,state,Nebraska,Diabetes,Total,-999.0,-999.0,10.6,10.0,11.1,2023,1 year estimate,Behavioral Risk Factor Surveillance System,,,04-06-2026,
NH,33,state,New Hampshire,Diabetes,Total,-999.0,-999.0,9.8,9.0,10.5,2023,1 year estimate,Behavioral Risk Factor Surveillance System,,,04-06-2026,
NJ,34,state,New Jersey,Diabetes,Total,-999.0,-999.0,10.5,9.8,11.2,2023,1 year estimate,Behavioral Risk Factor Surveillance System,,,04-06-2026,
NM,35,state,New Mexico,Diabetes,Total,-999.0,-999.0,12.5,11.0,14.0,2023,1 year estimate,Behavioral Risk Factor Surveillance System,,,04-06-2026,
NV,32,state,Nevada,Diabetes,Total,-999.0,-999.0,11.9,10.1,13.7,2023,1 year estimate,Behavioral Risk Factor Surveillance System,,,04-06-2026,
NY,36,state,New York,Diabetes,Total,-999.0,-999.0,10.6,10.0,11.2,2023,1 year estimate,Behavioral Risk Factor Surveillance System,,,04-06-2026,
OH,39,state,Ohio,Diabetes,Total,-999.0,-999.0,13.2,12.6,13.8,2023,1 year estimate,Behavioral Risk Factor Surveillance System,,,04-06-2026,
OK,40,state,Oklahoma,Diabetes,Total,-999.0,-999.0,12.4,11.7,13.2,2023,1 year estimate,Behavioral Risk Factor Surveillance System,,,04-06-2026,
OR,41,state,Oregon,Diabetes,Total,-999.0,-999.0,10.9,10.0,11.7,2023,1 year estimate,Behavioral Risk Factor Surveillance System,,,04-06-2026,
RI,44,state,Rhode Island,Diabetes,Total,-999.0,-999.0,11.8,10.8,12.7,2023,1 year estimate,Behavioral Risk Factor Surveillance System,,,04-06-2026,
SC,45,state,South Carolina,Diabetes,Total,-999.0,-999.0,14.9,14.2,15.7,2023,1 year estimate,Behavioral Risk Factor Surveillance System,,,04-06-2026,
SD,46,state,South Dakota,Diabetes,Total,-999.0,-999.0,11.8,10.1,13.4,2023,1 year estimate,Behavioral Risk Factor Surveillance System,,,04-06-2026,
TN,47,state,Tennessee,Diabetes,Total,-999.0,-999.0,14.5,13.5,15.6,2023,1 year estimate,Behavioral Risk Factor Surveillance System,,,04-06-2026,
TX,48,state,Texas,Diabetes,Total,-999.0,-999.0,12.7,11.7,13.7,2023,1 year estimate,Behavioral Risk Factor Surveillance System,,,04-06-2026,
UT,49,state,Utah,Diabetes,Total,-999.0,-999.0,7.8,7.3,8.3,2023,1 year estimate,Behavioral Risk Factor Surveillance System,,,04-06-2026,
VA,51,state,Virginia,Diabetes,Total,-999.0,-999.0,11.8,11.0,12.7,2023,1 year estimate,Behavioral Risk Factor Surveillance System,,,04-06-2026,
VT,50,state,Vermont,Diabetes,Total,-999.0,-999.0,9.3,8.4,10.2,2023,1 year estimate,Behavioral Risk Factor Surveillance System,,,04-06-2026,
WA,53,state,Washington,Diabetes,Total,-999.0,-999.0,9.6,9.2,10.0,2023,1 year estimate,Behavioral Risk Factor Surveillance System,,,04-06-2026,
WI,55,state,Wisconsin,Diabetes,Total,-999.0,-999.0,11.3,10.7,11.8,2023,1 year estimate,Behavioral Risk Factor Surveillance System,,,04-06-2026,
WV,54,state,West Virginia,Diabetes,Total,-999.0,-999.0,18.2,17.1,19.3,2023,1 year estimate,Behavioral Risk Factor Surveillance System,,,04-06-2026,
WY,56,state,Wyoming,Diabetes,Total,-999.0,-999.0,10.8,9.9,11.6,2023,1 year estimate,Behavioral Risk Factor Surveillance System,,,04-06-2026,
KY,21,state,Kentucky,Diabetes,Total,-999.0,-999.0,,,,2023,1 year estimate,Behavioral Risk Factor Surveillance System,missing_1,,04-06-2026,
PA,42,state,Pennsylvania,Diabetes,Total,-999.0,-999.0,,,,2023,1 year estimate,Behavioral Risk Factor Surveillance System,missing_1,,04-06-2026,
